timestamp,pod,cpu,memory
2026-09-01T10:29:21+08:00,life-assistant-api-gateway-68b5c996df-hwdds,7m,202Mi
2026-09-01T10:29:21+08:00,life-assistant-api-gateway-68b5c996df-nljj5,5m,221Mi
2026-09-01T10:29:21+08:00,life-assistant-engagement-service-95c6b48f5-rqzdj,5m,282Mi
2026-09-01T10:29:21+08:00,life-assistant-frontend-fc48fc794-wmck7,1m,4Mi
2026-09-01T10:29:21+08:00,life-assistant-fulfillment-service-7d8b56595d-z9slz,33m,280Mi
2026-09-01T10:29:21+08:00,life-assistant-merchant-service-55f5f7c468-4t6l5,7m,285Mi
2026-09-01T10:29:21+08:00,life-assistant-merchant-service-55f5f7c468-tmqj4,8m,261Mi
2026-09-01T10:29:21+08:00,life-assistant-mysql-596766557b-hl5pf,16m,611Mi
2026-09-01T10:29:21+08:00,life-assistant-nacos-5995f55965-l7wq6,5m,559Mi
2026-09-01T10:29:21+08:00,life-assistant-order-service-5696b855c6-lq468,5m,273Mi
2026-09-01T10:29:21+08:00,life-assistant-redis-c4fcbf6c-r8mhj,10m,14Mi
2026-09-01T10:29:21+08:00,life-assistant-settlement-service-6485f7b9bb-wwdxd,5m,263Mi
2026-09-01T10:29:21+08:00,life-assistant-user-service-d9d686b55-p49lg,4m,280Mi
2026-09-01T10:29:39+08:00,life-assistant-api-gateway-68b5c996df-hwdds,7m,202Mi
2026-09-01T10:29:39+08:00,life-assistant-api-gateway-68b5c996df-nljj5,6m,221Mi
2026-09-01T10:29:39+08:00,life-assistant-engagement-service-95c6b48f5-rqzdj,6m,282Mi
2026-09-01T10:29:39+08:00,life-assistant-frontend-fc48fc794-wmck7,1m,4Mi
2026-09-01T10:29:39+08:00,life-assistant-fulfillment-service-7d8b56595d-z9slz,5m,281Mi
2026-09-01T10:29:39+08:00,life-assistant-merchant-service-55f5f7c468-4t6l5,6m,285Mi
2026-09-01T10:29:39+08:00,life-assistant-merchant-service-55f5f7c468-tmqj4,8m,261Mi
2026-09-01T10:29:39+08:00,life-assistant-mysql-596766557b-hl5pf,20m,611Mi
2026-09-01T10:29:39+08:00,life-assistant-nacos-5995f55965-l7wq6,5m,559Mi
2026-09-01T10:29:39+08:00,life-assistant-order-service-5696b855c6-lq468,6m,273Mi
2026-09-01T10:29:39+08:00,life-assistant-redis-c4fcbf6c-r8mhj,10m,14Mi
2026-09-01T10:29:39+08:00,life-assistant-settlement-service-6485f7b9bb-wwdxd,4m,263Mi
2026-09-01T10:29:39+08:00,life-assistant-user-service-d9d686b55-p49lg,5m,280Mi
2026-09-01T10:29:58+08:00,life-assistant-api-gateway-68b5c996df-hwdds,7m,202Mi
2026-09-01T10:29:58+08:00,life-assistant-api-gateway-68b5c996df-nljj5,4m,221Mi
2026-09-01T10:29:58+08:00,life-assistant-engagement-service-95c6b48f5-rqzdj,7m,282Mi
2026-09-01T10:29:58+08:00,life-assistant-frontend-fc48fc794-wmck7,1m,4Mi
2026-09-01T10:29:58+08:00,life-assistant-fulfillment-service-7d8b56595d-z9slz,39m,281Mi
2026-09-01T10:29:58+08:00,life-assistant-merchant-service-55f5f7c468-4t6l5,5m,285Mi
2026-09-01T10:29:58+08:00,life-assistant-merchant-service-55f5f7c468-tmqj4,9m,261Mi
2026-09-01T10:29:58+08:00,life-assistant-mysql-596766557b-hl5pf,13m,611Mi
2026-09-01T10:29:58+08:00,life-assistant-nacos-5995f55965-l7wq6,5m,559Mi
2026-09-01T10:29:58+08:00,life-assistant-order-service-5696b855c6-lq468,5m,273Mi
2026-09-01T10:29:58+08:00,life-assistant-redis-c4fcbf6c-r8mhj,11m,14Mi
2026-09-01T10:29:58+08:00,life-assistant-settlement-service-6485f7b9bb-wwdxd,7m,263Mi
2026-09-01T10:29:58+08:00,life-assistant-user-service-d9d686b55-p49lg,5m,280Mi
2026-09-01T10:30:16+08:00,life-assistant-api-gateway-68b5c996df-hwdds,6m,203Mi
2026-09-01T10:30:16+08:00,life-assistant-api-gateway-68b5c996df-nljj5,5m,222Mi
2026-09-01T10:30:16+08:00,life-assistant-engagement-service-95c6b48f5-rqzdj,6m,282Mi
2026-09-01T10:30:16+08:00,life-assistant-frontend-fc48fc794-wmck7,1m,4Mi
2026-09-01T10:30:16+08:00,life-assistant-fulfillment-service-7d8b56595d-z9slz,4m,281Mi
2026-09-01T10:30:16+08:00,life-assistant-merchant-service-55f5f7c468-4t6l5,8m,286Mi
2026-09-01T10:30:16+08:00,life-assistant-merchant-service-55f5f7c468-tmqj4,8m,262Mi
2026-09-01T10:30:16+08:00,life-assistant-mysql-596766557b-hl5pf,12m,611Mi
2026-09-01T10:30:16+08:00,life-assistant-nacos-5995f55965-l7wq6,5m,559Mi
2026-09-01T10:30:16+08:00,life-assistant-order-service-5696b855c6-lq468,5m,273Mi
2026-09-01T10:30:16+08:00,life-assistant-redis-c4fcbf6c-r8mhj,9m,14Mi
2026-09-01T10:30:16+08:00,life-assistant-settlement-service-6485f7b9bb-wwdxd,5m,264Mi
2026-09-01T10:30:16+08:00,life-assistant-user-service-d9d686b55-p49lg,7m,280Mi
2026-09-01T10:30:34+08:00,life-assistant-api-gateway-68b5c996df-hwdds,8m,203Mi
2026-09-01T10:30:34+08:00,life-assistant-api-gateway-68b5c996df-nljj5,5m,222Mi
2026-09-01T10:30:34+08:00,life-assistant-engagement-service-95c6b48f5-rqzdj,5m,282Mi
2026-09-01T10:30:34+08:00,life-assistant-frontend-fc48fc794-wmck7,1m,4Mi
2026-09-01T10:30:34+08:00,life-assistant-fulfillment-service-7d8b56595d-z9slz,7m,282Mi
2026-09-01T10:30:34+08:00,life-assistant-merchant-service-55f5f7c468-4t6l5,8m,286Mi
2026-09-01T10:30:34+08:00,life-assistant-merchant-service-55f5f7c468-tmqj4,9m,262Mi
2026-09-01T10:30:34+08:00,life-assistant-mysql-596766557b-hl5pf,17m,611Mi
2026-09-01T10:30:34+08:00,life-assistant-nacos-5995f55965-l7wq6,5m,559Mi
2026-09-01T10:30:34+08:00,life-assistant-order-service-5696b855c6-lq468,6m,273Mi
2026-09-01T10:30:34+08:00,life-assistant-redis-c4fcbf6c-r8mhj,10m,14Mi
2026-09-01T10:30:34+08:00,life-assistant-settlement-service-6485f7b9bb-wwdxd,5m,264Mi
2026-09-01T10:30:34+08:00,life-assistant-user-service-d9d686b55-p49lg,6m,281Mi
2026-09-01T10:30:52+08:00,life-assistant-api-gateway-68b5c996df-hwdds,7m,203Mi
2026-09-01T10:30:52+08:00,life-assistant-api-gateway-68b5c996df-nljj5,4m,222Mi
2026-09-01T10:30:52+08:00,life-assistant-engagement-service-95c6b48f5-rqzdj,5m,282Mi
2026-09-01T10:30:52+08:00,life-assistant-frontend-fc48fc794-wmck7,1m,4Mi
2026-09-01T10:30:52+08:00,life-assistant-fulfillment-service-7d8b56595d-z9slz,4m,282Mi
2026-09-01T10:30:52+08:00,life-assistant-merchant-service-55f5f7c468-4t6l5,5m,286Mi
2026-09-01T10:30:52+08:00,life-assistant-merchant-service-55f5f7c468-tmqj4,9m,262Mi
2026-09-01T10:30:52+08:00,life-assistant-mysql-596766557b-hl5pf,16m,611Mi
2026-09-01T10:30:52+08:00,life-assistant-nacos-5995f55965-l7wq6,5m,559Mi
2026-09-01T10:30:52+08:00,life-assistant-order-service-5696b855c6-lq468,6m,273Mi
2026-09-01T10:30:52+08:00,life-assistant-redis-c4fcbf6c-r8mhj,10m,14Mi
2026-09-01T10:30:52+08:00,life-assistant-settlement-service-6485f7b9bb-wwdxd,4m,264Mi
2026-09-01T10:30:52+08:00,life-assistant-user-service-d9d686b55-p49lg,3m,281Mi
2026-09-01T10:31:11+08:00,life-assistant-api-gateway-68b5c996df-hwdds,5m,203Mi
2026-09-01T10:31:11+08:00,life-assistant-api-gateway-68b5c996df-nljj5,8m,222Mi
2026-09-01T10:31:11+08:00,life-assistant-engagement-service-95c6b48f5-rqzdj,6m,283Mi
2026-09-01T10:31:11+08:00,life-assistant-frontend-fc48fc794-wmck7,1m,4Mi
2026-09-01T10:31:11+08:00,life-assistant-fulfillment-service-7d8b56595d-z9slz,6m,282Mi
2026-09-01T10:31:11+08:00,life-assistant-merchant-service-55f5f7c468-4t6l5,5m,286Mi
2026-09-01T10:31:11+08:00,life-assistant-merchant-service-55f5f7c468-tmqj4,8m,262Mi
2026-09-01T10:31:11+08:00,life-assistant-mysql-596766557b-hl5pf,16m,611Mi
2026-09-01T10:31:11+08:00,life-assistant-nacos-5995f55965-l7wq6,5m,559Mi
2026-09-01T10:31:11+08:00,life-assistant-order-service-5696b855c6-lq468,5m,274Mi
2026-09-01T10:31:11+08:00,life-assistant-redis-c4fcbf6c-r8mhj,10m,14Mi
2026-09-01T10:31:11+08:00,life-assistant-settlement-service-6485f7b9bb-wwdxd,7m,264Mi
2026-09-01T10:31:11+08:00,life-assistant-user-service-d9d686b55-p49lg,4m,281Mi
2026-09-01T10:31:29+08:00,life-assistant-api-gateway-68b5c996df-hwdds,6m,204Mi
2026-09-01T10:31:29+08:00,life-assistant-api-gateway-68b5c996df-nljj5,6m,222Mi
2026-09-01T10:31:29+08:00,life-assistant-engagement-service-95c6b48f5-rqzdj,5m,283Mi
2026-09-01T10:31:29+08:00,life-assistant-frontend-fc48fc794-wmck7,1m,4Mi
2026-09-01T10:31:29+08:00,life-assistant-fulfillment-service-7d8b56595d-z9slz,6m,282Mi
2026-09-01T10:31:29+08:00,life-assistant-merchant-service-55f5f7c468-4t6l5,5m,286Mi
2026-09-01T10:31:29+08:00,life-assistant-merchant-service-55f5f7c468-tmqj4,10m,262Mi
2026-09-01T10:31:29+08:00,life-assistant-mysql-596766557b-hl5pf,16m,611Mi
2026-09-01T10:31:29+08:00,life-assistant-nacos-5995f55965-l7wq6,5m,559Mi
2026-09-01T10:31:29+08:00,life-assistant-order-service-5696b855c6-lq468,5m,274Mi
2026-09-01T10:31:29+08:00,life-assistant-redis-c4fcbf6c-r8mhj,9m,14Mi
2026-09-01T10:31:29+08:00,life-assistant-settlement-service-6485f7b9bb-wwdxd,5m,264Mi
2026-09-01T10:31:29+08:00,life-assistant-user-service-d9d686b55-p49lg,5m,281Mi
2026-09-01T10:31:47+08:00,life-assistant-api-gateway-68b5c996df-hwdds,9m,204Mi
2026-09-01T10:31:47+08:00,life-assistant-api-gateway-68b5c996df-nljj5,7m,223Mi
2026-09-01T10:31:47+08:00,life-assistant-engagement-service-95c6b48f5-rqzdj,12m,283Mi
2026-09-01T10:31:47+08:00,life-assistant-frontend-fc48fc794-wmck7,1m,4Mi
2026-09-01T10:31:47+08:00,life-assistant-fulfillment-service-7d8b56595d-z9slz,6m,282Mi
2026-09-01T10:31:47+08:00,life-assistant-merchant-service-55f5f7c468-4t6l5,4m,286Mi
2026-09-01T10:31:47+08:00,life-assistant-merchant-service-55f5f7c468-tmqj4,5m,263Mi
2026-09-01T10:31:47+08:00,life-assistant-mysql-596766557b-hl5pf,14m,611Mi
2026-09-01T10:31:47+08:00,life-assistant-nacos-5995f55965-l7wq6,5m,559Mi
2026-09-01T10:31:47+08:00,life-assistant-order-service-5696b855c6-lq468,3m,274Mi
2026-09-01T10:31:47+08:00,life-assistant-redis-c4fcbf6c-r8mhj,9m,14Mi
2026-09-01T10:31:47+08:00,life-assistant-settlement-service-6485f7b9bb-wwdxd,4m,264Mi
2026-09-01T10:31:47+08:00,life-assistant-user-service-d9d686b55-p49lg,5m,281Mi
2026-09-01T10:32:05+08:00,life-assistant-api-gateway-68b5c996df-hwdds,5m,204Mi
2026-09-01T10:32:05+08:00,life-assistant-api-gateway-68b5c996df-nljj5,5m,223Mi
2026-09-01T10:32:05+08:00,life-assistant-engagement-service-95c6b48f5-rqzdj,5m,283Mi
2026-09-01T10:32:05+08:00,life-assistant-frontend-fc48fc794-wmck7,1m,4Mi
2026-09-01T10:32:05+08:00,life-assistant-fulfillment-service-7d8b56595d-z9slz,6m,282Mi
2026-09-01T10:32:05+08:00,life-assistant-merchant-service-55f5f7c468-4t6l5,4m,286Mi
2026-09-01T10:32:05+08:00,life-assistant-merchant-service-55f5f7c468-tmqj4,8m,263Mi
2026-09-01T10:32:05+08:00,life-assistant-mysql-596766557b-hl5pf,17m,611Mi
2026-09-01T10:32:05+08:00,life-assistant-nacos-5995f55965-l7wq6,5m,559Mi
2026-09-01T10:32:05+08:00,life-assistant-order-service-5696b855c6-lq468,5m,274Mi
2026-09-01T10:32:05+08:00,life-assistant-redis-c4fcbf6c-r8mhj,9m,14Mi
2026-09-01T10:32:05+08:00,life-assistant-settlement-service-6485f7b9bb-wwdxd,5m,264Mi
2026-09-01T10:32:05+08:00,life-assistant-user-service-d9d686b55-p49lg,4m,281Mi
2026-09-01T10:32:23+08:00,life-assistant-api-gateway-68b5c996df-hwdds,5m,204Mi
2026-09-01T10:32:23+08:00,life-assistant-api-gateway-68b5c996df-nljj5,5m,223Mi
2026-09-01T10:32:23+08:00,life-assistant-engagement-service-95c6b48f5-rqzdj,4m,284Mi
2026-09-01T10:32:23+08:00,life-assistant-frontend-fc48fc794-wmck7,1m,4Mi
2026-09-01T10:32:23+08:00,life-assistant-fulfillment-service-7d8b56595d-z9slz,5m,282Mi
2026-09-01T10:32:23+08:00,life-assistant-merchant-service-55f5f7c468-4t6l5,4m,286Mi
2026-09-01T10:32:23+08:00,life-assistant-merchant-service-55f5f7c468-tmqj4,6m,263Mi
2026-09-01T10:32:23+08:00,life-assistant-mysql-596766557b-hl5pf,16m,611Mi
2026-09-01T10:32:23+08:00,life-assistant-nacos-5995f55965-l7wq6,5m,559Mi
2026-09-01T10:32:23+08:00,life-assistant-order-service-5696b855c6-lq468,4m,274Mi
2026-09-01T10:32:23+08:00,life-assistant-redis-c4fcbf6c-r8mhj,10m,14Mi
2026-09-01T10:32:23+08:00,life-assistant-settlement-service-6485f7b9bb-wwdxd,4m,264Mi
2026-09-01T10:32:23+08:00,life-assistant-user-service-d9d686b55-p49lg,4m,281Mi
2026-09-01T10:32:42+08:00,life-assistant-api-gateway-68b5c996df-hwdds,6m,204Mi
2026-09-01T10:32:42+08:00,life-assistant-api-gateway-68b5c996df-nljj5,4m,223Mi
2026-09-01T10:32:42+08:00,life-assistant-engagement-service-95c6b48f5-rqzdj,9m,284Mi
2026-09-01T10:32:42+08:00,life-assistant-frontend-fc48fc794-wmck7,1m,4Mi
2026-09-01T10:32:42+08:00,life-assistant-fulfillment-service-7d8b56595d-z9slz,5m,282Mi
2026-09-01T10:32:42+08:00,life-assistant-merchant-service-55f5f7c468-4t6l5,5m,286Mi
2026-09-01T10:32:42+08:00,life-assistant-merchant-service-55f5f7c468-tmqj4,7m,263Mi
2026-09-01T10:32:42+08:00,life-assistant-mysql-596766557b-hl5pf,12m,611Mi
2026-09-01T10:32:42+08:00,life-assistant-nacos-5995f55965-l7wq6,5m,559Mi
2026-09-01T10:32:42+08:00,life-assistant-order-service-5696b855c6-lq468,5m,274Mi
2026-09-01T10:32:42+08:00,life-assistant-redis-c4fcbf6c-r8mhj,10m,14Mi
2026-09-01T10:32:42+08:00,life-assistant-settlement-service-6485f7b9bb-wwdxd,5m,264Mi
2026-09-01T10:32:42+08:00,life-assistant-user-service-d9d686b55-p49lg,6m,281Mi
2026-09-01T10:33:00+08:00,life-assistant-api-gateway-68b5c996df-nljj5,4m,223Mi
2026-09-01T10:33:00+08:00,life-assistant-engagement-service-95c6b48f5-rqzdj,4m,284Mi
2026-09-01T10:33:00+08:00,life-assistant-frontend-fc48fc794-wmck7,1m,4Mi
2026-09-01T10:33:00+08:00,life-assistant-fulfillment-service-7d8b56595d-z9slz,6m,282Mi
2026-09-01T10:33:00+08:00,life-assistant-merchant-service-55f5f7c468-4t6l5,7m,287Mi
2026-09-01T10:33:00+08:00,life-assistant-mysql-596766557b-hl5pf,14m,611Mi
2026-09-01T10:33:00+08:00,life-assistant-nacos-5995f55965-l7wq6,5m,559Mi
2026-09-01T10:33:00+08:00,life-assistant-order-service-5696b855c6-lq468,5m,274Mi
2026-09-01T10:33:00+08:00,life-assistant-redis-c4fcbf6c-r8mhj,10m,14Mi
2026-09-01T10:33:00+08:00,life-assistant-settlement-service-6485f7b9bb-wwdxd,5m,265Mi
2026-09-01T10:33:00+08:00,life-assistant-user-service-d9d686b55-p49lg,5m,281Mi
2026-09-01T10:33:18+08:00,life-assistant-api-gateway-68b5c996df-nljj5,4m,223Mi
2026-09-01T10:33:18+08:00,life-assistant-engagement-service-95c6b48f5-rqzdj,6m,284Mi
2026-09-01T10:33:18+08:00,life-assistant-frontend-fc48fc794-wmck7,1m,4Mi
2026-09-01T10:33:18+08:00,life-assistant-fulfillment-service-7d8b56595d-z9slz,5m,282Mi
2026-09-01T10:33:18+08:00,life-assistant-merchant-service-55f5f7c468-4t6l5,5m,287Mi
2026-09-01T10:33:18+08:00,life-assistant-mysql-596766557b-hl5pf,16m,611Mi
2026-09-01T10:33:18+08:00,life-assistant-nacos-5995f55965-l7wq6,5m,559Mi
2026-09-01T10:33:18+08:00,life-assistant-order-service-5696b855c6-lq468,6m,274Mi
2026-09-01T10:33:18+08:00,life-assistant-redis-c4fcbf6c-r8mhj,9m,14Mi
2026-09-01T10:33:18+08:00,life-assistant-settlement-service-6485f7b9bb-wwdxd,5m,265Mi
2026-09-01T10:33:18+08:00,life-assistant-user-service-d9d686b55-p49lg,5m,281Mi
2026-09-01T10:33:37+08:00,life-assistant-api-gateway-68b5c996df-nljj5,3m,224Mi
2026-09-01T10:33:37+08:00,life-assistant-engagement-service-95c6b48f5-rqzdj,6m,284Mi
2026-09-01T10:33:37+08:00,life-assistant-frontend-fc48fc794-wmck7,1m,4Mi
2026-09-01T10:33:37+08:00,life-assistant-fulfillment-service-7d8b56595d-z9slz,5m,282Mi
2026-09-01T10:33:37+08:00,life-assistant-merchant-service-55f5f7c468-4t6l5,4m,287Mi
2026-09-01T10:33:37+08:00,life-assistant-mysql-596766557b-hl5pf,17m,611Mi
2026-09-01T10:33:37+08:00,life-assistant-nacos-5995f55965-l7wq6,5m,559Mi
2026-09-01T10:33:37+08:00,life-assistant-order-service-5696b855c6-lq468,5m,274Mi
2026-09-01T10:33:37+08:00,life-assistant-redis-c4fcbf6c-r8mhj,9m,14Mi
2026-09-01T10:33:37+08:00,life-assistant-settlement-service-6485f7b9bb-wwdxd,5m,265Mi
2026-09-01T10:33:37+08:00,life-assistant-user-service-d9d686b55-p49lg,5m,281Mi
2026-09-01T10:33:55+08:00,life-assistant-api-gateway-68b5c996df-nljj5,4m,224Mi
2026-09-01T10:33:55+08:00,life-assistant-engagement-service-95c6b48f5-rqzdj,6m,284Mi
2026-09-01T10:33:55+08:00,life-assistant-frontend-fc48fc794-wmck7,1m,4Mi
2026-09-01T10:33:55+08:00,life-assistant-fulfillment-service-7d8b56595d-z9slz,5m,282Mi
2026-09-01T10:33:55+08:00,life-assistant-merchant-service-55f5f7c468-4t6l5,4m,287Mi
2026-09-01T10:33:55+08:00,life-assistant-mysql-596766557b-hl5pf,14m,611Mi
2026-09-01T10:33:55+08:00,life-assistant-nacos-5995f55965-l7wq6,5m,559Mi
2026-09-01T10:33:55+08:00,life-assistant-order-service-5696b855c6-lq468,4m,274Mi
2026-09-01T10:33:55+08:00,life-assistant-redis-c4fcbf6c-r8mhj,9m,14Mi
2026-09-01T10:33:55+08:00,life-assistant-settlement-service-6485f7b9bb-wwdxd,6m,265Mi
2026-09-01T10:33:55+08:00,life-assistant-user-service-d9d686b55-p49lg,5m,282Mi
2026-09-01T10:34:14+08:00,life-assistant-api-gateway-68b5c996df-nljj5,4m,224Mi
2026-09-01T10:34:14+08:00,life-assistant-engagement-service-95c6b48f5-rqzdj,5m,284Mi
2026-09-01T10:34:14+08:00,life-assistant-frontend-fc48fc794-wmck7,1m,4Mi
2026-09-01T10:34:14+08:00,life-assistant-fulfillment-service-7d8b56595d-z9slz,6m,283Mi
2026-09-01T10:34:14+08:00,life-assistant-merchant-service-55f5f7c468-4t6l5,8m,287Mi
2026-09-01T10:34:14+08:00,life-assistant-mysql-596766557b-hl5pf,13m,611Mi
2026-09-01T10:34:14+08:00,life-assistant-nacos-5995f55965-l7wq6,5m,559Mi
2026-09-01T10:34:14+08:00,life-assistant-order-service-5696b855c6-lq468,6m,274Mi
2026-09-01T10:34:14+08:00,life-assistant-redis-c4fcbf6c-r8mhj,9m,14Mi
2026-09-01T10:34:14+08:00,life-assistant-settlement-service-6485f7b9bb-wwdxd,6m,265Mi
2026-09-01T10:34:14+08:00,life-assistant-user-service-d9d686b55-p49lg,4m,282Mi
2026-09-01T10:34:32+08:00,life-assistant-api-gateway-68b5c996df-nljj5,4m,224Mi
2026-09-01T10:34:32+08:00,life-assistant-engagement-service-95c6b48f5-rqzdj,5m,284Mi
2026-09-01T10:34:32+08:00,life-assistant-frontend-fc48fc794-wmck7,1m,4Mi
2026-09-01T10:34:32+08:00,life-assistant-fulfillment-service-7d8b56595d-z9slz,4m,283Mi
2026-09-01T10:34:32+08:00,life-assistant-merchant-service-55f5f7c468-4t6l5,4m,287Mi
2026-09-01T10:34:32+08:00,life-assistant-mysql-596766557b-hl5pf,16m,611Mi
2026-09-01T10:34:32+08:00,life-assistant-nacos-5995f55965-l7wq6,4m,559Mi
2026-09-01T10:34:32+08:00,life-assistant-order-service-5696b855c6-lq468,4m,275Mi
2026-09-01T10:34:32+08:00,life-assistant-redis-c4fcbf6c-r8mhj,10m,14Mi
2026-09-01T10:34:32+08:00,life-assistant-settlement-service-6485f7b9bb-wwdxd,6m,265Mi
2026-09-01T10:34:32+08:00,life-assistant-user-service-d9d686b55-p49lg,7m,282Mi
2026-09-01T10:34:50+08:00,life-assistant-api-gateway-68b5c996df-nljj5,3m,224Mi
2026-09-01T10:34:50+08:00,life-assistant-engagement-service-95c6b48f5-rqzdj,4m,284Mi
2026-09-01T10:34:50+08:00,life-assistant-frontend-fc48fc794-wmck7,1m,4Mi
2026-09-01T10:34:50+08:00,life-assistant-fulfillment-service-7d8b56595d-z9slz,26m,284Mi
2026-09-01T10:34:50+08:00,life-assistant-merchant-service-55f5f7c468-4t6l5,7m,287Mi
2026-09-01T10:34:50+08:00,life-assistant-mysql-596766557b-hl5pf,14m,611Mi
2026-09-01T10:34:50+08:00,life-assistant-nacos-5995f55965-l7wq6,5m,559Mi
2026-09-01T10:34:50+08:00,life-assistant-order-service-5696b855c6-lq468,6m,275Mi
2026-09-01T10:34:50+08:00,life-assistant-redis-c4fcbf6c-r8mhj,8m,14Mi
2026-09-01T10:34:50+08:00,life-assistant-settlement-service-6485f7b9bb-wwdxd,5m,266Mi
2026-09-01T10:34:50+08:00,life-assistant-user-service-d9d686b55-p49lg,4m,282Mi
2026-09-01T10:35:08+08:00,life-assistant-api-gateway-68b5c996df-nljj5,6m,224Mi
2026-09-01T10:35:08+08:00,life-assistant-engagement-service-95c6b48f5-rqzdj,7m,284Mi
2026-09-01T10:35:08+08:00,life-assistant-frontend-fc48fc794-wmck7,1m,4Mi
2026-09-01T10:35:08+08:00,life-assistant-fulfillment-service-7d8b56595d-z9slz,4m,278Mi
2026-09-01T10:35:08+08:00,life-assistant-merchant-service-55f5f7c468-4t6l5,5m,287Mi
2026-09-01T10:35:08+08:00,life-assistant-mysql-596766557b-hl5pf,16m,611Mi
2026-09-01T10:35:08+08:00,life-assistant-nacos-5995f55965-l7wq6,4m,559Mi
2026-09-01T10:35:08+08:00,life-assistant-order-service-5696b855c6-lq468,5m,275Mi
2026-09-01T10:35:08+08:00,life-assistant-redis-c4fcbf6c-r8mhj,11m,14Mi
2026-09-01T10:35:08+08:00,life-assistant-settlement-service-6485f7b9bb-wwdxd,5m,266Mi
2026-09-01T10:35:08+08:00,life-assistant-user-service-d9d686b55-p49lg,5m,282Mi
2026-09-01T10:35:27+08:00,life-assistant-api-gateway-68b5c996df-nljj5,5m,224Mi
2026-09-01T10:35:27+08:00,life-assistant-engagement-service-95c6b48f5-rqzdj,6m,284Mi
2026-09-01T10:35:27+08:00,life-assistant-frontend-fc48fc794-wmck7,1m,4Mi
2026-09-01T10:35:27+08:00,life-assistant-fulfillment-service-7d8b56595d-z9slz,7m,278Mi
2026-09-01T10:35:27+08:00,life-assistant-merchant-service-55f5f7c468-4t6l5,5m,287Mi
2026-09-01T10:35:27+08:00,life-assistant-mysql-596766557b-hl5pf,15m,611Mi
2026-09-01T10:35:27+08:00,life-assistant-nacos-5995f55965-l7wq6,5m,559Mi
2026-09-01T10:35:27+08:00,life-assistant-order-service-5696b855c6-lq468,5m,275Mi
2026-09-01T10:35:27+08:00,life-assistant-redis-c4fcbf6c-r8mhj,9m,14Mi
2026-09-01T10:35:27+08:00,life-assistant-settlement-service-6485f7b9bb-wwdxd,7m,266Mi
2026-09-01T10:35:27+08:00,life-assistant-user-service-d9d686b55-p49lg,6m,282Mi
2026-09-01T10:35:45+08:00,life-assistant-api-gateway-68b5c996df-nljj5,4m,224Mi
2026-09-01T10:35:45+08:00,life-assistant-engagement-service-95c6b48f5-rqzdj,4m,285Mi
2026-09-01T10:35:45+08:00,life-assistant-frontend-fc48fc794-wmck7,1m,4Mi
2026-09-01T10:35:45+08:00,life-assistant-fulfillment-service-7d8b56595d-z9slz,4m,278Mi
2026-09-01T10:35:45+08:00,life-assistant-merchant-service-55f5f7c468-4t6l5,4m,287Mi
2026-09-01T10:35:45+08:00,life-assistant-mysql-596766557b-hl5pf,12m,611Mi
2026-09-01T10:35:45+08:00,life-assistant-nacos-5995f55965-l7wq6,5m,559Mi
2026-09-01T10:35:45+08:00,life-assistant-order-service-5696b855c6-lq468,4m,275Mi
2026-09-01T10:35:45+08:00,life-assistant-redis-c4fcbf6c-r8mhj,9m,14Mi
2026-09-01T10:35:45+08:00,life-assistant-settlement-service-6485f7b9bb-wwdxd,4m,266Mi
2026-09-01T10:35:45+08:00,life-assistant-user-service-d9d686b55-p49lg,4m,282Mi
2026-09-01T10:36:03+08:00,life-assistant-api-gateway-68b5c996df-nljj5,4m,225Mi
2026-09-01T10:36:03+08:00,life-assistant-engagement-service-95c6b48f5-rqzdj,4m,285Mi
2026-09-01T10:36:03+08:00,life-assistant-frontend-fc48fc794-wmck7,1m,4Mi
2026-09-01T10:36:03+08:00,life-assistant-fulfillment-service-7d8b56595d-z9slz,7m,278Mi
2026-09-01T10:36:03+08:00,life-assistant-merchant-service-55f5f7c468-4t6l5,4m,287Mi
2026-09-01T10:36:03+08:00,life-assistant-mysql-596766557b-hl5pf,15m,611Mi
2026-09-01T10:36:03+08:00,life-assistant-nacos-5995f55965-l7wq6,4m,559Mi
2026-09-01T10:36:03+08:00,life-assistant-order-service-5696b855c6-lq468,3m,275Mi
2026-09-01T10:36:03+08:00,life-assistant-redis-c4fcbf6c-r8mhj,10m,14Mi
2026-09-01T10:36:03+08:00,life-assistant-settlement-service-6485f7b9bb-wwdxd,5m,266Mi
2026-09-01T10:36:03+08:00,life-assistant-user-service-d9d686b55-p49lg,4m,282Mi
2026-09-01T10:36:21+08:00,life-assistant-api-gateway-68b5c996df-nljj5,30m,224Mi
2026-09-01T10:36:21+08:00,life-assistant-engagement-service-95c6b48f5-rqzdj,4m,285Mi
2026-09-01T10:36:21+08:00,life-assistant-frontend-fc48fc794-wmck7,1m,4Mi
2026-09-01T10:36:21+08:00,life-assistant-fulfillment-service-7d8b56595d-z9slz,7m,278Mi
2026-09-01T10:36:21+08:00,life-assistant-merchant-service-55f5f7c468-4t6l5,5m,287Mi
2026-09-01T10:36:21+08:00,life-assistant-mysql-596766557b-hl5pf,21m,611Mi
2026-09-01T10:36:21+08:00,life-assistant-nacos-5995f55965-l7wq6,5m,559Mi
2026-09-01T10:36:21+08:00,life-assistant-order-service-5696b855c6-lq468,5m,275Mi
2026-09-01T10:36:21+08:00,life-assistant-redis-c4fcbf6c-r8mhj,9m,14Mi
2026-09-01T10:36:21+08:00,life-assistant-settlement-service-6485f7b9bb-wwdxd,6m,266Mi
2026-09-01T10:36:21+08:00,life-assistant-user-service-d9d686b55-p49lg,5m,282Mi
2026-09-01T10:36:40+08:00,life-assistant-api-gateway-68b5c996df-nljj5,4m,224Mi
2026-09-01T10:36:40+08:00,life-assistant-engagement-service-95c6b48f5-rqzdj,6m,285Mi
2026-09-01T10:36:40+08:00,life-assistant-frontend-fc48fc794-wmck7,1m,4Mi
2026-09-01T10:36:40+08:00,life-assistant-fulfillment-service-7d8b56595d-z9slz,5m,278Mi
2026-09-01T10:36:40+08:00,life-assistant-merchant-service-55f5f7c468-4t6l5,5m,287Mi
2026-09-01T10:36:40+08:00,life-assistant-mysql-596766557b-hl5pf,15m,611Mi
2026-09-01T10:36:40+08:00,life-assistant-nacos-5995f55965-l7wq6,5m,559Mi
2026-09-01T10:36:40+08:00,life-assistant-order-service-5696b855c6-lq468,4m,275Mi
2026-09-01T10:36:40+08:00,life-assistant-redis-c4fcbf6c-r8mhj,9m,14Mi
2026-09-01T10:36:40+08:00,life-assistant-settlement-service-6485f7b9bb-wwdxd,4m,266Mi
2026-09-01T10:36:40+08:00,life-assistant-user-service-d9d686b55-p49lg,5m,282Mi
2026-09-01T10:36:58+08:00,life-assistant-api-gateway-68b5c996df-nljj5,3m,224Mi
2026-09-01T10:36:58+08:00,life-assistant-engagement-service-95c6b48f5-rqzdj,4m,285Mi
2026-09-01T10:36:58+08:00,life-assistant-frontend-fc48fc794-wmck7,1m,4Mi
2026-09-01T10:36:58+08:00,life-assistant-fulfillment-service-7d8b56595d-z9slz,5m,278Mi
2026-09-01T10:36:58+08:00,life-assistant-merchant-service-55f5f7c468-4t6l5,5m,287Mi
2026-09-01T10:36:58+08:00,life-assistant-mysql-596766557b-hl5pf,17m,611Mi
2026-09-01T10:36:58+08:00,life-assistant-nacos-5995f55965-l7wq6,5m,559Mi
2026-09-01T10:36:58+08:00,life-assistant-order-service-5696b855c6-lq468,4m,275Mi
2026-09-01T10:36:58+08:00,life-assistant-redis-c4fcbf6c-r8mhj,9m,14Mi
2026-09-01T10:36:58+08:00,life-assistant-settlement-service-6485f7b9bb-wwdxd,5m,266Mi
2026-09-01T10:36:58+08:00,life-assistant-user-service-d9d686b55-p49lg,9m,282Mi
2026-09-01T10:37:16+08:00,life-assistant-api-gateway-68b5c996df-nljj5,4m,224Mi
2026-09-01T10:37:16+08:00,life-assistant-engagement-service-95c6b48f5-rqzdj,5m,285Mi
2026-09-01T10:37:16+08:00,life-assistant-frontend-fc48fc794-wmck7,1m,4Mi
2026-09-01T10:37:16+08:00,life-assistant-fulfillment-service-7d8b56595d-z9slz,4m,279Mi
2026-09-01T10:37:16+08:00,life-assistant-merchant-service-55f5f7c468-4t6l5,7m,288Mi
2026-09-01T10:37:16+08:00,life-assistant-mysql-596766557b-hl5pf,15m,611Mi
2026-09-01T10:37:16+08:00,life-assistant-nacos-5995f55965-l7wq6,4m,559Mi
2026-09-01T10:37:16+08:00,life-assistant-order-service-5696b855c6-lq468,4m,275Mi
2026-09-01T10:37:16+08:00,life-assistant-redis-c4fcbf6c-r8mhj,9m,14Mi
2026-09-01T10:37:16+08:00,life-assistant-settlement-service-6485f7b9bb-wwdxd,5m,266Mi
2026-09-01T10:37:16+08:00,life-assistant-user-service-d9d686b55-p49lg,4m,282Mi
2026-09-01T10:37:34+08:00,life-assistant-api-gateway-68b5c996df-nljj5,4m,224Mi
2026-09-01T10:37:34+08:00,life-assistant-engagement-service-95c6b48f5-rqzdj,4m,285Mi
2026-09-01T10:37:34+08:00,life-assistant-frontend-fc48fc794-wmck7,1m,4Mi
2026-09-01T10:37:34+08:00,life-assistant-fulfillment-service-7d8b56595d-z9slz,6m,279Mi
2026-09-01T10:37:34+08:00,life-assistant-merchant-service-55f5f7c468-4t6l5,8m,288Mi
2026-09-01T10:37:34+08:00,life-assistant-mysql-596766557b-hl5pf,15m,611Mi
2026-09-01T10:37:34+08:00,life-assistant-nacos-5995f55965-l7wq6,5m,559Mi
2026-09-01T10:37:34+08:00,life-assistant-order-service-5696b855c6-lq468,7m,275Mi
2026-09-01T10:37:34+08:00,life-assistant-redis-c4fcbf6c-r8mhj,9m,14Mi
2026-09-01T10:37:34+08:00,life-assistant-settlement-service-6485f7b9bb-wwdxd,6m,266Mi
2026-09-01T10:37:34+08:00,life-assistant-user-service-d9d686b55-p49lg,8m,283Mi
2026-09-01T10:37:52+08:00,life-assistant-api-gateway-68b5c996df-nljj5,4m,224Mi
2026-09-01T10:37:52+08:00,life-assistant-engagement-service-95c6b48f5-rqzdj,7m,285Mi
2026-09-01T10:37:52+08:00,life-assistant-frontend-fc48fc794-wmck7,1m,4Mi
2026-09-01T10:37:52+08:00,life-assistant-fulfillment-service-7d8b56595d-z9slz,7m,279Mi
2026-09-01T10:37:52+08:00,life-assistant-merchant-service-55f5f7c468-4t6l5,4m,288Mi
2026-09-01T10:37:52+08:00,life-assistant-mysql-596766557b-hl5pf,17m,611Mi
2026-09-01T10:37:52+08:00,life-assistant-nacos-5995f55965-l7wq6,5m,559Mi
2026-09-01T10:37:52+08:00,life-assistant-order-service-5696b855c6-lq468,7m,275Mi
2026-09-01T10:37:52+08:00,life-assistant-redis-c4fcbf6c-r8mhj,10m,14Mi
2026-09-01T10:37:52+08:00,life-assistant-settlement-service-6485f7b9bb-wwdxd,6m,266Mi
2026-09-01T10:37:52+08:00,life-assistant-user-service-d9d686b55-p49lg,7m,283Mi
2026-09-01T10:38:11+08:00,life-assistant-api-gateway-68b5c996df-nljj5,3m,224Mi
2026-09-01T10:38:11+08:00,life-assistant-engagement-service-95c6b48f5-rqzdj,5m,285Mi
2026-09-01T10:38:11+08:00,life-assistant-frontend-fc48fc794-wmck7,1m,4Mi
2026-09-01T10:38:11+08:00,life-assistant-fulfillment-service-7d8b56595d-z9slz,11m,279Mi
2026-09-01T10:38:11+08:00,life-assistant-merchant-service-55f5f7c468-4t6l5,6m,288Mi
2026-09-01T10:38:11+08:00,life-assistant-mysql-596766557b-hl5pf,16m,611Mi
2026-09-01T10:38:11+08:00,life-assistant-nacos-5995f55965-l7wq6,5m,559Mi
2026-09-01T10:38:11+08:00,life-assistant-order-service-5696b855c6-lq468,4m,275Mi
2026-09-01T10:38:11+08:00,life-assistant-redis-c4fcbf6c-r8mhj,10m,14Mi
2026-09-01T10:38:11+08:00,life-assistant-settlement-service-6485f7b9bb-wwdxd,5m,266Mi
2026-09-01T10:38:11+08:00,life-assistant-user-service-d9d686b55-p49lg,4m,283Mi
2026-09-01T10:38:29+08:00,life-assistant-api-gateway-68b5c996df-nljj5,5m,224Mi
2026-09-01T10:38:29+08:00,life-assistant-engagement-service-95c6b48f5-rqzdj,5m,285Mi
2026-09-01T10:38:29+08:00,life-assistant-frontend-fc48fc794-wmck7,1m,4Mi
2026-09-01T10:38:29+08:00,life-assistant-fulfillment-service-7d8b56595d-z9slz,11m,279Mi
2026-09-01T10:38:29+08:00,life-assistant-merchant-service-55f5f7c468-4t6l5,4m,288Mi
2026-09-01T10:38:29+08:00,life-assistant-mysql-596766557b-hl5pf,21m,611Mi
2026-09-01T10:38:29+08:00,life-assistant-nacos-5995f55965-l7wq6,5m,559Mi
2026-09-01T10:38:29+08:00,life-assistant-order-service-5696b855c6-lq468,4m,276Mi
2026-09-01T10:38:29+08:00,life-assistant-redis-c4fcbf6c-r8mhj,9m,14Mi
2026-09-01T10:38:29+08:00,life-assistant-settlement-service-6485f7b9bb-wwdxd,4m,266Mi
2026-09-01T10:38:29+08:00,life-assistant-user-service-d9d686b55-p49lg,5m,283Mi
2026-09-01T10:38:47+08:00,life-assistant-api-gateway-68b5c996df-nljj5,7m,225Mi
2026-09-01T10:38:47+08:00,life-assistant-engagement-service-95c6b48f5-rqzdj,4m,285Mi
2026-09-01T10:38:47+08:00,life-assistant-frontend-fc48fc794-wmck7,1m,4Mi
2026-09-01T10:38:47+08:00,life-assistant-fulfillment-service-7d8b56595d-z9slz,5m,279Mi
2026-09-01T10:38:47+08:00,life-assistant-merchant-service-55f5f7c468-4t6l5,10m,289Mi
2026-09-01T10:38:47+08:00,life-assistant-mysql-596766557b-hl5pf,18m,611Mi
2026-09-01T10:38:47+08:00,life-assistant-nacos-5995f55965-l7wq6,5m,559Mi
2026-09-01T10:38:47+08:00,life-assistant-order-service-5696b855c6-lq468,7m,276Mi
2026-09-01T10:38:47+08:00,life-assistant-redis-c4fcbf6c-r8mhj,9m,14Mi
2026-09-01T10:38:47+08:00,life-assistant-settlement-service-6485f7b9bb-wwdxd,5m,267Mi
2026-09-01T10:38:47+08:00,life-assistant-user-service-d9d686b55-p49lg,5m,283Mi
2026-09-01T10:39:06+08:00,life-assistant-api-gateway-68b5c996df-nljj5,5m,225Mi
2026-09-01T10:39:06+08:00,life-assistant-engagement-service-95c6b48f5-rqzdj,5m,286Mi
2026-09-01T10:39:06+08:00,life-assistant-frontend-fc48fc794-wmck7,1m,4Mi
2026-09-01T10:39:06+08:00,life-assistant-fulfillment-service-7d8b56595d-z9slz,4m,279Mi
2026-09-01T10:39:06+08:00,life-assistant-merchant-service-55f5f7c468-4t6l5,5m,289Mi
2026-09-01T10:39:06+08:00,life-assistant-mysql-596766557b-hl5pf,15m,611Mi
2026-09-01T10:39:06+08:00,life-assistant-nacos-5995f55965-l7wq6,4m,559Mi
2026-09-01T10:39:06+08:00,life-assistant-order-service-5696b855c6-lq468,4m,276Mi
2026-09-01T10:39:06+08:00,life-assistant-redis-c4fcbf6c-r8mhj,9m,14Mi
2026-09-01T10:39:06+08:00,life-assistant-settlement-service-6485f7b9bb-wwdxd,5m,267Mi
2026-09-01T10:39:06+08:00,life-assistant-user-service-d9d686b55-p49lg,6m,283Mi
2026-09-01T10:39:24+08:00,life-assistant-api-gateway-68b5c996df-nljj5,4m,225Mi
2026-09-01T10:39:24+08:00,life-assistant-engagement-service-95c6b48f5-rqzdj,5m,286Mi
2026-09-01T10:39:24+08:00,life-assistant-frontend-fc48fc794-wmck7,1m,4Mi
2026-09-01T10:39:24+08:00,life-assistant-fulfillment-service-7d8b56595d-z9slz,7m,280Mi
2026-09-01T10:39:24+08:00,life-assistant-merchant-service-55f5f7c468-4t6l5,5m,289Mi
2026-09-01T10:39:24+08:00,life-assistant-mysql-596766557b-hl5pf,15m,611Mi
2026-09-01T10:39:24+08:00,life-assistant-nacos-5995f55965-l7wq6,5m,559Mi
2026-09-01T10:39:24+08:00,life-assistant-order-service-5696b855c6-lq468,18m,276Mi
2026-09-01T10:39:24+08:00,life-assistant-redis-c4fcbf6c-r8mhj,11m,14Mi
2026-09-01T10:39:24+08:00,life-assistant-settlement-service-6485f7b9bb-wwdxd,6m,267Mi
2026-09-01T10:39:24+08:00,life-assistant-user-service-d9d686b55-p49lg,5m,283Mi
2026-09-01T10:39:42+08:00,life-assistant-api-gateway-68b5c996df-nljj5,4m,225Mi
2026-09-01T10:39:42+08:00,life-assistant-engagement-service-95c6b48f5-rqzdj,6m,286Mi
2026-09-01T10:39:42+08:00,life-assistant-frontend-fc48fc794-wmck7,1m,4Mi
2026-09-01T10:39:42+08:00,life-assistant-fulfillment-service-7d8b56595d-z9slz,4m,280Mi
2026-09-01T10:39:42+08:00,life-assistant-merchant-service-55f5f7c468-4t6l5,15m,289Mi
2026-09-01T10:39:42+08:00,life-assistant-mysql-596766557b-hl5pf,16m,611Mi
2026-09-01T10:39:42+08:00,life-assistant-nacos-5995f55965-l7wq6,6m,559Mi
2026-09-01T10:39:42+08:00,life-assistant-order-service-5696b855c6-lq468,14m,276Mi
2026-09-01T10:39:42+08:00,life-assistant-redis-c4fcbf6c-r8mhj,10m,14Mi
2026-09-01T10:39:42+08:00,life-assistant-settlement-service-6485f7b9bb-wwdxd,3m,267Mi
2026-09-01T10:39:42+08:00,life-assistant-user-service-d9d686b55-p49lg,4m,283Mi
2026-09-01T10:40:00+08:00,life-assistant-api-gateway-68b5c996df-nljj5,5m,226Mi
2026-09-01T10:40:00+08:00,life-assistant-engagement-service-95c6b48f5-rqzdj,4m,286Mi
2026-09-01T10:40:00+08:00,life-assistant-frontend-fc48fc794-wmck7,1m,4Mi
2026-09-01T10:40:00+08:00,life-assistant-fulfillment-service-7d8b56595d-z9slz,4m,280Mi
2026-09-01T10:40:00+08:00,life-assistant-merchant-service-55f5f7c468-4t6l5,4m,289Mi
2026-09-01T10:40:00+08:00,life-assistant-mysql-596766557b-hl5pf,16m,611Mi
2026-09-01T10:40:00+08:00,life-assistant-nacos-5995f55965-l7wq6,4m,559Mi
2026-09-01T10:40:00+08:00,life-assistant-order-service-5696b855c6-lq468,4m,276Mi
2026-09-01T10:40:00+08:00,life-assistant-redis-c4fcbf6c-r8mhj,8m,14Mi
2026-09-01T10:40:00+08:00,life-assistant-settlement-service-6485f7b9bb-wwdxd,4m,267Mi
2026-09-01T10:40:00+08:00,life-assistant-user-service-d9d686b55-p49lg,4m,283Mi
2026-09-01T10:40:18+08:00,life-assistant-api-gateway-68b5c996df-nljj5,3m,226Mi
2026-09-01T10:40:18+08:00,life-assistant-engagement-service-95c6b48f5-rqzdj,4m,286Mi
2026-09-01T10:40:18+08:00,life-assistant-frontend-fc48fc794-wmck7,1m,4Mi
2026-09-01T10:40:18+08:00,life-assistant-fulfillment-service-7d8b56595d-z9slz,3m,280Mi
2026-09-01T10:40:18+08:00,life-assistant-merchant-service-55f5f7c468-4t6l5,4m,289Mi
2026-09-01T10:40:18+08:00,life-assistant-mysql-596766557b-hl5pf,13m,611Mi
2026-09-01T10:40:18+08:00,life-assistant-nacos-5995f55965-l7wq6,5m,559Mi
2026-09-01T10:40:18+08:00,life-assistant-order-service-5696b855c6-lq468,4m,276Mi
2026-09-01T10:40:18+08:00,life-assistant-redis-c4fcbf6c-r8mhj,10m,14Mi
2026-09-01T10:40:18+08:00,life-assistant-settlement-service-6485f7b9bb-wwdxd,5m,267Mi
2026-09-01T10:40:18+08:00,life-assistant-user-service-d9d686b55-p49lg,4m,284Mi
2026-09-01T10:40:37+08:00,life-assistant-api-gateway-68b5c996df-nljj5,4m,226Mi
2026-09-01T10:40:37+08:00,life-assistant-engagement-service-95c6b48f5-rqzdj,8m,286Mi
2026-09-01T10:40:37+08:00,life-assistant-frontend-fc48fc794-wmck7,1m,4Mi
2026-09-01T10:40:37+08:00,life-assistant-fulfillment-service-7d8b56595d-z9slz,4m,280Mi
2026-09-01T10:40:37+08:00,life-assistant-merchant-service-55f5f7c468-4t6l5,5m,289Mi
2026-09-01T10:40:37+08:00,life-assistant-mysql-596766557b-hl5pf,16m,611Mi
2026-09-01T10:40:37+08:00,life-assistant-nacos-5995f55965-l7wq6,5m,559Mi
2026-09-01T10:40:37+08:00,life-assistant-order-service-5696b855c6-lq468,4m,276Mi
2026-09-01T10:40:37+08:00,life-assistant-redis-c4fcbf6c-r8mhj,9m,14Mi
2026-09-01T10:40:37+08:00,life-assistant-settlement-service-6485f7b9bb-wwdxd,5m,267Mi
2026-09-01T10:40:37+08:00,life-assistant-user-service-d9d686b55-p49lg,5m,284Mi
2026-09-01T10:40:55+08:00,life-assistant-api-gateway-68b5c996df-nljj5,3m,226Mi
2026-09-01T10:40:55+08:00,life-assistant-engagement-service-95c6b48f5-rqzdj,3m,286Mi
2026-09-01T10:40:55+08:00,life-assistant-frontend-fc48fc794-wmck7,1m,4Mi
2026-09-01T10:40:55+08:00,life-assistant-fulfillment-service-7d8b56595d-z9slz,4m,280Mi
2026-09-01T10:40:55+08:00,life-assistant-merchant-service-55f5f7c468-4t6l5,4m,289Mi
2026-09-01T10:40:55+08:00,life-assistant-mysql-596766557b-hl5pf,13m,611Mi
2026-09-01T10:40:55+08:00,life-assistant-nacos-5995f55965-l7wq6,5m,559Mi
2026-09-01T10:40:55+08:00,life-assistant-order-service-5696b855c6-lq468,4m,276Mi
2026-09-01T10:40:55+08:00,life-assistant-redis-c4fcbf6c-r8mhj,9m,14Mi
2026-09-01T10:40:55+08:00,life-assistant-settlement-service-6485f7b9bb-wwdxd,3m,267Mi
2026-09-01T10:40:55+08:00,life-assistant-user-service-d9d686b55-p49lg,4m,284Mi
2026-09-01T10:41:13+08:00,life-assistant-api-gateway-68b5c996df-nljj5,3m,226Mi
2026-09-01T10:41:13+08:00,life-assistant-engagement-service-95c6b48f5-rqzdj,4m,286Mi
2026-09-01T10:41:13+08:00,life-assistant-frontend-fc48fc794-wmck7,1m,4Mi
2026-09-01T10:41:13+08:00,life-assistant-fulfillment-service-7d8b56595d-z9slz,4m,280Mi
2026-09-01T10:41:13+08:00,life-assistant-merchant-service-55f5f7c468-4t6l5,5m,289Mi
2026-09-01T10:41:13+08:00,life-assistant-mysql-596766557b-hl5pf,15m,611Mi
2026-09-01T10:41:13+08:00,life-assistant-nacos-5995f55965-l7wq6,4m,559Mi
2026-09-01T10:41:13+08:00,life-assistant-order-service-5696b855c6-lq468,4m,276Mi
2026-09-01T10:41:13+08:00,life-assistant-redis-c4fcbf6c-r8mhj,10m,14Mi
2026-09-01T10:41:13+08:00,life-assistant-settlement-service-6485f7b9bb-wwdxd,3m,267Mi
2026-09-01T10:41:13+08:00,life-assistant-user-service-d9d686b55-p49lg,4m,284Mi
2026-09-01T10:41:31+08:00,life-assistant-api-gateway-68b5c996df-nljj5,3m,226Mi
2026-09-01T10:41:31+08:00,life-assistant-engagement-service-95c6b48f5-rqzdj,6m,286Mi
2026-09-01T10:41:31+08:00,life-assistant-frontend-fc48fc794-wmck7,1m,4Mi
2026-09-01T10:41:31+08:00,life-assistant-fulfillment-service-7d8b56595d-z9slz,3m,280Mi
2026-09-01T10:41:31+08:00,life-assistant-merchant-service-55f5f7c468-4t6l5,4m,289Mi
2026-09-01T10:41:31+08:00,life-assistant-mysql-596766557b-hl5pf,17m,611Mi
2026-09-01T10:41:31+08:00,life-assistant-nacos-5995f55965-l7wq6,4m,559Mi
2026-09-01T10:41:31+08:00,life-assistant-order-service-5696b855c6-lq468,4m,276Mi
2026-09-01T10:41:31+08:00,life-assistant-redis-c4fcbf6c-r8mhj,8m,14Mi
2026-09-01T10:41:31+08:00,life-assistant-settlement-service-6485f7b9bb-wwdxd,4m,267Mi
2026-09-01T10:41:31+08:00,life-assistant-user-service-d9d686b55-p49lg,5m,284Mi
2026-09-01T10:41:50+08:00,life-assistant-api-gateway-68b5c996df-nljj5,3m,226Mi
2026-09-01T10:41:50+08:00,life-assistant-engagement-service-95c6b48f5-rqzdj,6m,286Mi
2026-09-01T10:41:50+08:00,life-assistant-frontend-fc48fc794-wmck7,1m,4Mi
2026-09-01T10:41:50+08:00,life-assistant-fulfillment-service-7d8b56595d-z9slz,5m,280Mi
2026-09-01T10:41:50+08:00,life-assistant-merchant-service-55f5f7c468-4t6l5,4m,289Mi
2026-09-01T10:41:50+08:00,life-assistant-mysql-596766557b-hl5pf,14m,611Mi
2026-09-01T10:41:50+08:00,life-assistant-nacos-5995f55965-l7wq6,5m,559Mi
2026-09-01T10:41:50+08:00,life-assistant-order-service-5696b855c6-lq468,4m,276Mi
2026-09-01T10:41:50+08:00,life-assistant-redis-c4fcbf6c-r8mhj,8m,14Mi
2026-09-01T10:41:50+08:00,life-assistant-settlement-service-6485f7b9bb-wwdxd,4m,267Mi
2026-09-01T10:41:50+08:00,life-assistant-user-service-d9d686b55-p49lg,3m,284Mi
2026-09-01T10:42:08+08:00,life-assistant-api-gateway-68b5c996df-nljj5,3m,226Mi
2026-09-01T10:42:08+08:00,life-assistant-engagement-service-95c6b48f5-rqzdj,3m,286Mi
2026-09-01T10:42:08+08:00,life-assistant-frontend-fc48fc794-wmck7,1m,4Mi
2026-09-01T10:42:08+08:00,life-assistant-fulfillment-service-7d8b56595d-z9slz,4m,280Mi
2026-09-01T10:42:08+08:00,life-assistant-merchant-service-55f5f7c468-4t6l5,4m,289Mi
2026-09-01T10:42:08+08:00,life-assistant-mysql-596766557b-hl5pf,15m,611Mi
2026-09-01T10:42:08+08:00,life-assistant-nacos-5995f55965-l7wq6,5m,559Mi
2026-09-01T10:42:08+08:00,life-assistant-order-service-5696b855c6-lq468,5m,276Mi
2026-09-01T10:42:08+08:00,life-assistant-redis-c4fcbf6c-r8mhj,10m,14Mi
2026-09-01T10:42:08+08:00,life-assistant-settlement-service-6485f7b9bb-wwdxd,4m,267Mi
2026-09-01T10:42:08+08:00,life-assistant-user-service-d9d686b55-p49lg,4m,284Mi
2026-09-01T10:42:26+08:00,life-assistant-api-gateway-68b5c996df-nljj5,5m,226Mi
2026-09-01T10:42:26+08:00,life-assistant-engagement-service-95c6b48f5-rqzdj,4m,286Mi
2026-09-01T10:42:26+08:00,life-assistant-frontend-fc48fc794-wmck7,1m,4Mi
2026-09-01T10:42:26+08:00,life-assistant-fulfillment-service-7d8b56595d-z9slz,4m,280Mi
2026-09-01T10:42:26+08:00,life-assistant-merchant-service-55f5f7c468-4t6l5,4m,289Mi
2026-09-01T10:42:26+08:00,life-assistant-mysql-596766557b-hl5pf,18m,611Mi
2026-09-01T10:42:26+08:00,life-assistant-nacos-5995f55965-l7wq6,5m,559Mi
2026-09-01T10:42:26+08:00,life-assistant-order-service-5696b855c6-lq468,4m,276Mi
2026-09-01T10:42:26+08:00,life-assistant-redis-c4fcbf6c-r8mhj,10m,14Mi
2026-09-01T10:42:26+08:00,life-assistant-settlement-service-6485f7b9bb-wwdxd,4m,267Mi
2026-09-01T10:42:26+08:00,life-assistant-user-service-d9d686b55-p49lg,4m,284Mi
2026-09-01T10:42:44+08:00,life-assistant-api-gateway-68b5c996df-nljj5,3m,226Mi
2026-09-01T10:42:44+08:00,life-assistant-engagement-service-95c6b48f5-rqzdj,8m,286Mi
2026-09-01T10:42:44+08:00,life-assistant-frontend-fc48fc794-wmck7,1m,4Mi
2026-09-01T10:42:44+08:00,life-assistant-fulfillment-service-7d8b56595d-z9slz,5m,280Mi
2026-09-01T10:42:44+08:00,life-assistant-merchant-service-55f5f7c468-4t6l5,4m,289Mi
2026-09-01T10:42:44+08:00,life-assistant-mysql-596766557b-hl5pf,16m,611Mi
2026-09-01T10:42:44+08:00,life-assistant-nacos-5995f55965-l7wq6,4m,559Mi
2026-09-01T10:42:44+08:00,life-assistant-order-service-5696b855c6-lq468,10m,277Mi
2026-09-01T10:42:44+08:00,life-assistant-redis-c4fcbf6c-r8mhj,9m,14Mi
2026-09-01T10:42:44+08:00,life-assistant-settlement-service-6485f7b9bb-wwdxd,5m,267Mi
2026-09-01T10:42:44+08:00,life-assistant-user-service-d9d686b55-p49lg,4m,284Mi
2026-09-01T10:43:03+08:00,life-assistant-api-gateway-68b5c996df-nljj5,3m,226Mi
2026-09-01T10:43:03+08:00,life-assistant-engagement-service-95c6b48f5-rqzdj,5m,286Mi
2026-09-01T10:43:03+08:00,life-assistant-frontend-fc48fc794-wmck7,1m,4Mi
2026-09-01T10:43:03+08:00,life-assistant-fulfillment-service-7d8b56595d-z9slz,4m,280Mi
2026-09-01T10:43:03+08:00,life-assistant-merchant-service-55f5f7c468-4t6l5,5m,289Mi
2026-09-01T10:43:03+08:00,life-assistant-mysql-596766557b-hl5pf,12m,611Mi
2026-09-01T10:43:03+08:00,life-assistant-nacos-5995f55965-l7wq6,5m,559Mi
2026-09-01T10:43:03+08:00,life-assistant-order-service-5696b855c6-lq468,5m,277Mi
2026-09-01T10:43:03+08:00,life-assistant-redis-c4fcbf6c-r8mhj,9m,14Mi
2026-09-01T10:43:03+08:00,life-assistant-settlement-service-6485f7b9bb-wwdxd,4m,267Mi
2026-09-01T10:43:03+08:00,life-assistant-user-service-d9d686b55-p49lg,4m,284Mi
2026-09-01T10:43:21+08:00,life-assistant-api-gateway-68b5c996df-nljj5,3m,226Mi
2026-09-01T10:43:21+08:00,life-assistant-engagement-service-95c6b48f5-rqzdj,4m,286Mi
2026-09-01T10:43:21+08:00,life-assistant-frontend-fc48fc794-wmck7,1m,4Mi
2026-09-01T10:43:21+08:00,life-assistant-fulfillment-service-7d8b56595d-z9slz,4m,280Mi
2026-09-01T10:43:21+08:00,life-assistant-merchant-service-55f5f7c468-4t6l5,4m,289Mi
2026-09-01T10:43:21+08:00,life-assistant-mysql-596766557b-hl5pf,21m,611Mi
2026-09-01T10:43:21+08:00,life-assistant-nacos-5995f55965-l7wq6,5m,559Mi
2026-09-01T10:43:21+08:00,life-assistant-order-service-5696b855c6-lq468,5m,277Mi
2026-09-01T10:43:21+08:00,life-assistant-redis-c4fcbf6c-r8mhj,9m,14Mi
2026-09-01T10:43:21+08:00,life-assistant-settlement-service-6485f7b9bb-wwdxd,6m,267Mi
2026-09-01T10:43:21+08:00,life-assistant-user-service-d9d686b55-p49lg,4m,284Mi
2026-09-01T10:43:39+08:00,life-assistant-api-gateway-68b5c996df-nljj5,4m,226Mi
2026-09-01T10:43:39+08:00,life-assistant-engagement-service-95c6b48f5-rqzdj,4m,286Mi
2026-09-01T10:43:39+08:00,life-assistant-frontend-fc48fc794-wmck7,1m,4Mi
2026-09-01T10:43:39+08:00,life-assistant-fulfillment-service-7d8b56595d-z9slz,6m,280Mi
2026-09-01T10:43:39+08:00,life-assistant-merchant-service-55f5f7c468-4t6l5,5m,289Mi
2026-09-01T10:43:39+08:00,life-assistant-mysql-596766557b-hl5pf,15m,611Mi
2026-09-01T10:43:39+08:00,life-assistant-nacos-5995f55965-l7wq6,5m,559Mi
2026-09-01T10:43:39+08:00,life-assistant-order-service-5696b855c6-lq468,4m,277Mi
2026-09-01T10:43:39+08:00,life-assistant-redis-c4fcbf6c-r8mhj,10m,14Mi
2026-09-01T10:43:39+08:00,life-assistant-settlement-service-6485f7b9bb-wwdxd,6m,267Mi
2026-09-01T10:43:39+08:00,life-assistant-user-service-d9d686b55-p49lg,5m,284Mi
2026-09-01T10:43:57+08:00,life-assistant-api-gateway-68b5c996df-nljj5,3m,226Mi
2026-09-01T10:43:57+08:00,life-assistant-engagement-service-95c6b48f5-rqzdj,5m,286Mi
2026-09-01T10:43:57+08:00,life-assistant-frontend-fc48fc794-wmck7,1m,4Mi
2026-09-01T10:43:57+08:00,life-assistant-fulfillment-service-7d8b56595d-z9slz,3m,280Mi
2026-09-01T10:43:57+08:00,life-assistant-merchant-service-55f5f7c468-4t6l5,5m,289Mi
2026-09-01T10:43:57+08:00,life-assistant-mysql-596766557b-hl5pf,13m,611Mi
2026-09-01T10:43:57+08:00,life-assistant-nacos-5995f55965-l7wq6,4m,559Mi
2026-09-01T10:43:57+08:00,life-assistant-order-service-5696b855c6-lq468,5m,277Mi
2026-09-01T10:43:57+08:00,life-assistant-redis-c4fcbf6c-r8mhj,9m,14Mi
2026-09-01T10:43:57+08:00,life-assistant-settlement-service-6485f7b9bb-wwdxd,4m,267Mi
2026-09-01T10:43:57+08:00,life-assistant-user-service-d9d686b55-p49lg,4m,284Mi
2026-09-01T10:44:16+08:00,life-assistant-api-gateway-68b5c996df-nljj5,4m,226Mi
2026-09-01T10:44:16+08:00,life-assistant-engagement-service-95c6b48f5-rqzdj,5m,286Mi
2026-09-01T10:44:16+08:00,life-assistant-frontend-fc48fc794-wmck7,1m,4Mi
2026-09-01T10:44:16+08:00,life-assistant-fulfillment-service-7d8b56595d-z9slz,4m,280Mi
2026-09-01T10:44:16+08:00,life-assistant-merchant-service-55f5f7c468-4t6l5,5m,290Mi
2026-09-01T10:44:16+08:00,life-assistant-mysql-596766557b-hl5pf,15m,611Mi
2026-09-01T10:44:16+08:00,life-assistant-nacos-5995f55965-l7wq6,5m,559Mi
2026-09-01T10:44:16+08:00,life-assistant-order-service-5696b855c6-lq468,5m,277Mi
2026-09-01T10:44:16+08:00,life-assistant-redis-c4fcbf6c-r8mhj,9m,14Mi
2026-09-01T10:44:16+08:00,life-assistant-settlement-service-6485f7b9bb-wwdxd,4m,268Mi
2026-09-01T10:44:16+08:00,life-assistant-user-service-d9d686b55-p49lg,4m,284Mi
2026-09-01T10:44:34+08:00,life-assistant-api-gateway-68b5c996df-nljj5,5m,226Mi
2026-09-01T10:44:34+08:00,life-assistant-engagement-service-95c6b48f5-rqzdj,5m,286Mi
2026-09-01T10:44:34+08:00,life-assistant-frontend-fc48fc794-wmck7,1m,4Mi
2026-09-01T10:44:34+08:00,life-assistant-fulfillment-service-7d8b56595d-z9slz,5m,280Mi
2026-09-01T10:44:34+08:00,life-assistant-merchant-service-55f5f7c468-4t6l5,8m,290Mi
2026-09-01T10:44:34+08:00,life-assistant-mysql-596766557b-hl5pf,15m,611Mi
2026-09-01T10:44:34+08:00,life-assistant-nacos-5995f55965-l7wq6,6m,559Mi
2026-09-01T10:44:34+08:00,life-assistant-order-service-5696b855c6-lq468,6m,277Mi
2026-09-01T10:44:34+08:00,life-assistant-redis-c4fcbf6c-r8mhj,11m,14Mi
2026-09-01T10:44:34+08:00,life-assistant-settlement-service-6485f7b9bb-wwdxd,8m,268Mi
2026-09-01T10:44:34+08:00,life-assistant-user-service-d9d686b55-p49lg,5m,284Mi
2026-09-01T10:44:52+08:00,life-assistant-api-gateway-68b5c996df-nljj5,4m,226Mi
2026-09-01T10:44:52+08:00,life-assistant-engagement-service-95c6b48f5-rqzdj,7m,286Mi
2026-09-01T10:44:52+08:00,life-assistant-frontend-fc48fc794-wmck7,1m,4Mi
2026-09-01T10:44:52+08:00,life-assistant-fulfillment-service-7d8b56595d-z9slz,8m,281Mi
2026-09-01T10:44:52+08:00,life-assistant-merchant-service-55f5f7c468-4t6l5,8m,290Mi
2026-09-01T10:44:52+08:00,life-assistant-mysql-596766557b-hl5pf,19m,611Mi
2026-09-01T10:44:52+08:00,life-assistant-nacos-5995f55965-l7wq6,5m,559Mi
2026-09-01T10:44:52+08:00,life-assistant-order-service-5696b855c6-lq468,5m,278Mi
2026-09-01T10:44:52+08:00,life-assistant-redis-c4fcbf6c-r8mhj,10m,14Mi
2026-09-01T10:44:52+08:00,life-assistant-settlement-service-6485f7b9bb-wwdxd,3m,269Mi
2026-09-01T10:44:52+08:00,life-assistant-user-service-d9d686b55-p49lg,8m,285Mi
2026-09-01T10:45:11+08:00,life-assistant-api-gateway-68b5c996df-nljj5,3m,226Mi
2026-09-01T10:45:11+08:00,life-assistant-engagement-service-95c6b48f5-rqzdj,9m,287Mi
2026-09-01T10:45:11+08:00,life-assistant-frontend-fc48fc794-wmck7,1m,4Mi
2026-09-01T10:45:11+08:00,life-assistant-fulfillment-service-7d8b56595d-z9slz,5m,281Mi
2026-09-01T10:45:11+08:00,life-assistant-merchant-service-55f5f7c468-4t6l5,5m,291Mi
2026-09-01T10:45:11+08:00,life-assistant-mysql-596766557b-hl5pf,16m,611Mi
2026-09-01T10:45:11+08:00,life-assistant-nacos-5995f55965-l7wq6,5m,559Mi
2026-09-01T10:45:11+08:00,life-assistant-order-service-5696b855c6-lq468,5m,278Mi
2026-09-01T10:45:11+08:00,life-assistant-redis-c4fcbf6c-r8mhj,9m,14Mi
2026-09-01T10:45:11+08:00,life-assistant-settlement-service-6485f7b9bb-wwdxd,4m,269Mi
2026-09-01T10:45:11+08:00,life-assistant-user-service-d9d686b55-p49lg,5m,285Mi
2026-09-01T10:45:29+08:00,life-assistant-api-gateway-68b5c996df-nljj5,4m,226Mi
2026-09-01T10:45:29+08:00,life-assistant-engagement-service-95c6b48f5-rqzdj,3m,287Mi
2026-09-01T10:45:29+08:00,life-assistant-frontend-fc48fc794-wmck7,1m,4Mi
2026-09-01T10:45:29+08:00,life-assistant-fulfillment-service-7d8b56595d-z9slz,3m,281Mi
2026-09-01T10:45:29+08:00,life-assistant-merchant-service-55f5f7c468-4t6l5,4m,291Mi
2026-09-01T10:45:29+08:00,life-assistant-mysql-596766557b-hl5pf,14m,611Mi
2026-09-01T10:45:29+08:00,life-assistant-nacos-5995f55965-l7wq6,6m,559Mi
2026-09-01T10:45:29+08:00,life-assistant-order-service-5696b855c6-lq468,3m,278Mi
2026-09-01T10:45:29+08:00,life-assistant-redis-c4fcbf6c-r8mhj,10m,14Mi
2026-09-01T10:45:29+08:00,life-assistant-settlement-service-6485f7b9bb-wwdxd,3m,269Mi
2026-09-01T10:45:29+08:00,life-assistant-user-service-d9d686b55-p49lg,4m,285Mi
2026-09-01T10:45:47+08:00,life-assistant-api-gateway-68b5c996df-nljj5,7m,227Mi
2026-09-01T10:45:47+08:00,life-assistant-engagement-service-95c6b48f5-rqzdj,4m,287Mi
2026-09-01T10:45:47+08:00,life-assistant-frontend-fc48fc794-wmck7,1m,4Mi
2026-09-01T10:45:47+08:00,life-assistant-fulfillment-service-7d8b56595d-z9slz,22m,281Mi
2026-09-01T10:45:47+08:00,life-assistant-merchant-service-55f5f7c468-4t6l5,10m,291Mi
2026-09-01T10:45:47+08:00,life-assistant-mysql-596766557b-hl5pf,16m,611Mi
2026-09-01T10:45:47+08:00,life-assistant-nacos-5995f55965-l7wq6,5m,559Mi
2026-09-01T10:45:47+08:00,life-assistant-order-service-5696b855c6-lq468,14m,278Mi
2026-09-01T10:45:47+08:00,life-assistant-redis-c4fcbf6c-r8mhj,10m,14Mi
2026-09-01T10:45:47+08:00,life-assistant-settlement-service-6485f7b9bb-wwdxd,6m,269Mi
2026-09-01T10:45:47+08:00,life-assistant-user-service-d9d686b55-p49lg,4m,285Mi
2026-09-01T10:46:05+08:00,life-assistant-api-gateway-68b5c996df-nljj5,10m,228Mi
2026-09-01T10:46:05+08:00,life-assistant-engagement-service-95c6b48f5-rqzdj,15m,288Mi
2026-09-01T10:46:05+08:00,life-assistant-frontend-fc48fc794-wmck7,1m,4Mi
2026-09-01T10:46:05+08:00,life-assistant-fulfillment-service-7d8b56595d-z9slz,13m,282Mi
2026-09-01T10:46:05+08:00,life-assistant-merchant-service-55f5f7c468-4t6l5,5m,291Mi
2026-09-01T10:46:05+08:00,life-assistant-mysql-596766557b-hl5pf,18m,611Mi
2026-09-01T10:46:05+08:00,life-assistant-nacos-5995f55965-l7wq6,5m,559Mi
2026-09-01T10:46:05+08:00,life-assistant-order-service-5696b855c6-lq468,4m,278Mi
2026-09-01T10:46:05+08:00,life-assistant-redis-c4fcbf6c-r8mhj,9m,14Mi
2026-09-01T10:46:05+08:00,life-assistant-settlement-service-6485f7b9bb-wwdxd,6m,269Mi
2026-09-01T10:46:05+08:00,life-assistant-user-service-d9d686b55-p49lg,30m,286Mi
2026-09-01T10:46:24+08:00,life-assistant-api-gateway-68b5c996df-nljj5,3m,228Mi
2026-09-01T10:46:24+08:00,life-assistant-engagement-service-95c6b48f5-rqzdj,23m,288Mi
2026-09-01T10:46:24+08:00,life-assistant-frontend-fc48fc794-wmck7,1m,4Mi
2026-09-01T10:46:24+08:00,life-assistant-fulfillment-service-7d8b56595d-z9slz,13m,282Mi
2026-09-01T10:46:24+08:00,life-assistant-merchant-service-55f5f7c468-4t6l5,6m,291Mi
2026-09-01T10:46:24+08:00,life-assistant-mysql-596766557b-hl5pf,19m,611Mi
2026-09-01T10:46:24+08:00,life-assistant-nacos-5995f55965-l7wq6,5m,559Mi
2026-09-01T10:46:24+08:00,life-assistant-order-service-5696b855c6-lq468,9m,278Mi
2026-09-01T10:46:24+08:00,life-assistant-redis-c4fcbf6c-r8mhj,9m,14Mi
2026-09-01T10:46:24+08:00,life-assistant-settlement-service-6485f7b9bb-wwdxd,4m,269Mi
2026-09-01T10:46:24+08:00,life-assistant-user-service-d9d686b55-p49lg,15m,286Mi
2026-09-01T10:46:42+08:00,life-assistant-api-gateway-68b5c996df-nljj5,3m,228Mi
2026-09-01T10:46:42+08:00,life-assistant-engagement-service-95c6b48f5-rqzdj,23m,288Mi
2026-09-01T10:46:42+08:00,life-assistant-frontend-fc48fc794-wmck7,1m,4Mi
2026-09-01T10:46:42+08:00,life-assistant-fulfillment-service-7d8b56595d-z9slz,17m,282Mi
2026-09-01T10:46:42+08:00,life-assistant-merchant-service-55f5f7c468-4t6l5,6m,291Mi
2026-09-01T10:46:42+08:00,life-assistant-mysql-596766557b-hl5pf,21m,611Mi
2026-09-01T10:46:42+08:00,life-assistant-nacos-5995f55965-l7wq6,5m,559Mi
2026-09-01T10:46:42+08:00,life-assistant-order-service-5696b855c6-lq468,5m,278Mi
2026-09-01T10:46:42+08:00,life-assistant-redis-c4fcbf6c-r8mhj,9m,14Mi
2026-09-01T10:46:42+08:00,life-assistant-settlement-service-6485f7b9bb-wwdxd,3m,269Mi
2026-09-01T10:46:42+08:00,life-assistant-user-service-d9d686b55-p49lg,8m,286Mi
2026-09-01T10:47:00+08:00,life-assistant-api-gateway-68b5c996df-nljj5,5m,228Mi
2026-09-01T10:47:00+08:00,life-assistant-engagement-service-95c6b48f5-rqzdj,4m,288Mi
2026-09-01T10:47:00+08:00,life-assistant-frontend-fc48fc794-wmck7,1m,4Mi
2026-09-01T10:47:00+08:00,life-assistant-fulfillment-service-7d8b56595d-z9slz,5m,282Mi
2026-09-01T10:47:00+08:00,life-assistant-merchant-service-55f5f7c468-4t6l5,4m,291Mi
2026-09-01T10:47:00+08:00,life-assistant-mysql-596766557b-hl5pf,21m,611Mi
2026-09-01T10:47:00+08:00,life-assistant-nacos-5995f55965-l7wq6,5m,559Mi
2026-09-01T10:47:00+08:00,life-assistant-order-service-5696b855c6-lq468,7m,278Mi
2026-09-01T10:47:00+08:00,life-assistant-redis-c4fcbf6c-r8mhj,10m,14Mi
2026-09-01T10:47:00+08:00,life-assistant-settlement-service-6485f7b9bb-wwdxd,5m,269Mi
2026-09-01T10:47:00+08:00,life-assistant-user-service-d9d686b55-p49lg,5m,286Mi
2026-09-01T10:47:19+08:00,life-assistant-api-gateway-68b5c996df-nljj5,3m,228Mi
2026-09-01T10:47:19+08:00,life-assistant-engagement-service-95c6b48f5-rqzdj,10m,288Mi
2026-09-01T10:47:19+08:00,life-assistant-frontend-fc48fc794-wmck7,1m,4Mi
2026-09-01T10:47:19+08:00,life-assistant-fulfillment-service-7d8b56595d-z9slz,5m,282Mi
2026-09-01T10:47:19+08:00,life-assistant-merchant-service-55f5f7c468-4t6l5,4m,291Mi
2026-09-01T10:47:19+08:00,life-assistant-mysql-596766557b-hl5pf,15m,611Mi
2026-09-01T10:47:19+08:00,life-assistant-nacos-5995f55965-l7wq6,5m,559Mi
2026-09-01T10:47:19+08:00,life-assistant-order-service-5696b855c6-lq468,4m,278Mi
2026-09-01T10:47:19+08:00,life-assistant-redis-c4fcbf6c-r8mhj,9m,14Mi
2026-09-01T10:47:19+08:00,life-assistant-settlement-service-6485f7b9bb-wwdxd,3m,269Mi
2026-09-01T10:47:19+08:00,life-assistant-user-service-d9d686b55-p49lg,4m,286Mi
2026-09-01T10:47:37+08:00,life-assistant-api-gateway-68b5c996df-nljj5,4m,228Mi
2026-09-01T10:47:37+08:00,life-assistant-engagement-service-95c6b48f5-rqzdj,4m,288Mi
2026-09-01T10:47:37+08:00,life-assistant-frontend-fc48fc794-wmck7,1m,4Mi
2026-09-01T10:47:37+08:00,life-assistant-fulfillment-service-7d8b56595d-z9slz,3m,282Mi
2026-09-01T10:47:37+08:00,life-assistant-merchant-service-55f5f7c468-4t6l5,6m,291Mi
2026-09-01T10:47:37+08:00,life-assistant-mysql-596766557b-hl5pf,15m,611Mi
2026-09-01T10:47:37+08:00,life-assistant-nacos-5995f55965-l7wq6,5m,559Mi
2026-09-01T10:47:37+08:00,life-assistant-order-service-5696b855c6-lq468,4m,278Mi
2026-09-01T10:47:37+08:00,life-assistant-redis-c4fcbf6c-r8mhj,9m,14Mi
2026-09-01T10:47:37+08:00,life-assistant-settlement-service-6485f7b9bb-wwdxd,7m,269Mi
2026-09-01T10:47:37+08:00,life-assistant-user-service-d9d686b55-p49lg,7m,286Mi
2026-09-01T10:47:55+08:00,life-assistant-api-gateway-68b5c996df-nljj5,3m,228Mi
2026-09-01T10:47:55+08:00,life-assistant-engagement-service-95c6b48f5-rqzdj,6m,288Mi
2026-09-01T10:47:55+08:00,life-assistant-frontend-fc48fc794-wmck7,1m,4Mi
2026-09-01T10:47:55+08:00,life-assistant-fulfillment-service-7d8b56595d-z9slz,7m,282Mi
2026-09-01T10:47:55+08:00,life-assistant-merchant-service-55f5f7c468-4t6l5,4m,291Mi
2026-09-01T10:47:55+08:00,life-assistant-mysql-596766557b-hl5pf,17m,611Mi
2026-09-01T10:47:55+08:00,life-assistant-nacos-5995f55965-l7wq6,5m,559Mi
2026-09-01T10:47:55+08:00,life-assistant-order-service-5696b855c6-lq468,10m,278Mi
2026-09-01T10:47:55+08:00,life-assistant-redis-c4fcbf6c-r8mhj,9m,14Mi
2026-09-01T10:47:55+08:00,life-assistant-settlement-service-6485f7b9bb-wwdxd,4m,269Mi
2026-09-01T10:47:55+08:00,life-assistant-user-service-d9d686b55-p49lg,4m,286Mi
2026-09-01T10:48:14+08:00,life-assistant-api-gateway-68b5c996df-nljj5,3m,228Mi
2026-09-01T10:48:14+08:00,life-assistant-engagement-service-95c6b48f5-rqzdj,4m,289Mi
2026-09-01T10:48:14+08:00,life-assistant-frontend-fc48fc794-wmck7,1m,4Mi
2026-09-01T10:48:14+08:00,life-assistant-fulfillment-service-7d8b56595d-z9slz,5m,282Mi
2026-09-01T10:48:14+08:00,life-assistant-merchant-service-55f5f7c468-4t6l5,10m,292Mi
2026-09-01T10:48:14+08:00,life-assistant-mysql-596766557b-hl5pf,17m,611Mi
2026-09-01T10:48:14+08:00,life-assistant-nacos-5995f55965-l7wq6,5m,559Mi
2026-09-01T10:48:14+08:00,life-assistant-order-service-5696b855c6-lq468,4m,278Mi
2026-09-01T10:48:14+08:00,life-assistant-redis-c4fcbf6c-r8mhj,9m,14Mi
2026-09-01T10:48:14+08:00,life-assistant-settlement-service-6485f7b9bb-wwdxd,4m,269Mi
2026-09-01T10:48:14+08:00,life-assistant-user-service-d9d686b55-p49lg,3m,286Mi
2026-09-01T10:48:32+08:00,life-assistant-api-gateway-68b5c996df-nljj5,4m,228Mi
2026-09-01T10:48:32+08:00,life-assistant-engagement-service-95c6b48f5-rqzdj,4m,289Mi
2026-09-01T10:48:32+08:00,life-assistant-frontend-fc48fc794-wmck7,1m,4Mi
2026-09-01T10:48:32+08:00,life-assistant-fulfillment-service-7d8b56595d-z9slz,10m,282Mi
2026-09-01T10:48:32+08:00,life-assistant-merchant-service-55f5f7c468-4t6l5,4m,292Mi
2026-09-01T10:48:32+08:00,life-assistant-mysql-596766557b-hl5pf,17m,611Mi
2026-09-01T10:48:32+08:00,life-assistant-nacos-5995f55965-l7wq6,6m,559Mi
2026-09-01T10:48:32+08:00,life-assistant-order-service-5696b855c6-lq468,4m,278Mi
2026-09-01T10:48:32+08:00,life-assistant-redis-c4fcbf6c-r8mhj,10m,14Mi
2026-09-01T10:48:32+08:00,life-assistant-settlement-service-6485f7b9bb-wwdxd,6m,269Mi
2026-09-01T10:48:32+08:00,life-assistant-user-service-d9d686b55-p49lg,12m,286Mi
2026-09-01T10:48:51+08:00,life-assistant-api-gateway-68b5c996df-nljj5,3m,228Mi
2026-09-01T10:48:51+08:00,life-assistant-engagement-service-95c6b48f5-rqzdj,10m,289Mi
2026-09-01T10:48:51+08:00,life-assistant-frontend-fc48fc794-wmck7,1m,4Mi
2026-09-01T10:48:51+08:00,life-assistant-fulfillment-service-7d8b56595d-z9slz,13m,282Mi
2026-09-01T10:48:51+08:00,life-assistant-merchant-service-55f5f7c468-4t6l5,4m,292Mi
2026-09-01T10:48:51+08:00,life-assistant-mysql-596766557b-hl5pf,17m,611Mi
2026-09-01T10:48:51+08:00,life-assistant-nacos-5995f55965-l7wq6,5m,559Mi
2026-09-01T10:48:51+08:00,life-assistant-order-service-5696b855c6-lq468,6m,278Mi
2026-09-01T10:48:51+08:00,life-assistant-redis-c4fcbf6c-r8mhj,13m,14Mi
2026-09-01T10:48:51+08:00,life-assistant-settlement-service-6485f7b9bb-wwdxd,6m,269Mi
2026-09-01T10:48:51+08:00,life-assistant-user-service-d9d686b55-p49lg,4m,286Mi
2026-09-01T10:49:09+08:00,life-assistant-api-gateway-68b5c996df-nljj5,3m,228Mi
2026-09-01T10:49:09+08:00,life-assistant-engagement-service-95c6b48f5-rqzdj,4m,289Mi
2026-09-01T10:49:09+08:00,life-assistant-frontend-fc48fc794-wmck7,1m,4Mi
2026-09-01T10:49:09+08:00,life-assistant-fulfillment-service-7d8b56595d-z9slz,3m,282Mi
2026-09-01T10:49:09+08:00,life-assistant-merchant-service-55f5f7c468-4t6l5,3m,292Mi
2026-09-01T10:49:09+08:00,life-assistant-mysql-596766557b-hl5pf,18m,611Mi
2026-09-01T10:49:09+08:00,life-assistant-nacos-5995f55965-l7wq6,5m,559Mi
2026-09-01T10:49:09+08:00,life-assistant-order-service-5696b855c6-lq468,4m,278Mi
2026-09-01T10:49:09+08:00,life-assistant-redis-c4fcbf6c-r8mhj,9m,14Mi
2026-09-01T10:49:09+08:00,life-assistant-settlement-service-6485f7b9bb-wwdxd,6m,269Mi
2026-09-01T10:49:09+08:00,life-assistant-user-service-d9d686b55-p49lg,7m,286Mi
